test,p_value,statistic
log_rank_high_low_ari,3.1019067668675515e-93,419.52135688282186
