{
  "model1": {
    "beta1": -2.4439085163627183,
    "beta1_p": 1.0815676849542914e-23,
    "beta2": 3.9380863402259108,
    "beta2_p": 1.3955251139120595e-111,
    "r2": 0.7856574639963061,
    "n": 2390
  },
  "model2": {
    "beta1": -2.2577926637605716,
    "beta1_p": 1.0238774468445853e-49,
    "beta2": 3.8219740416303725,
    "beta2_p": 4.862220221587313e-218,
    "r2": 0.9894058411614741,
    "n": 2390
  }
}