{
  "m1_basic": {
    "treat": -4.718433245638729,
    "treat_p": 5.84472155413131e-284,
    "treat_ci_lo": -4.975250016305646,
    "treat_ci_hi": -4.461616474971812,
    "treat_x_github": 7.311239970593821,
    "treat_x_github_p": 0.0,
    "r2": 0.7261700185285687,
    "r2_adj": 0.724555862848316,
    "n": 2390
  },
  "m2_time_fe": {
    "treat": -4.1675153842575385,
    "treat_p": 1.436739414004558e-73,
    "treat_ci_lo": -4.617706008691236,
    "treat_ci_hi": -3.7173247598238404,
    "treat_x_github": 7.312579564465716,
    "treat_x_github_p": 0.0,
    "r2": 0.7369710036922617,
    "r2_adj": 0.7241544020284517,
    "n": 2390
  },
  "m3_full_fe": {
    "treat": -2.2583641511095482,
    "treat_p": 1.10464099519079e-47,
    "treat_ci_lo": -2.5634937252097134,
    "treat_ci_hi": -1.953234577009383,
    "treat_x_github": 3.8229931822785783,
    "treat_x_github_p": 2.9289412616984974e-210,
    "r2": 0.887951539296175,
    "r2_adj": 0.8824401525597549,
    "n": 2390
  },
  "m4_ari_het": {
    "treat": -2.487541566068769,
    "treat_p": 2.1493582531503637e-28,
    "treat_ci_lo": -2.9286919038092236,
    "treat_ci_hi": -2.0463912283283143,
    "treat_x_github": 2.6175030940325823,
    "treat_x_github_p": 5.671110014691653e-45,
    "r2": 0.8911507095567567,
    "r2_adj": 0.8856962835741062,
    "n": 2390,
    "treat:high_ari": -0.10606602476121318,
    "treat:high_ari_p": 0.5949237844161326,
    "treat_x_github:high_ari": 1.455379677074852,
    "treat_x_github:high_ari_p": 1.0685496950679185e-11
  },
  "m3b_gh_trend": {
    "treat": -1.6841781190364178,
    "treat_p": 1.879483257886125e-43,
    "treat_ci_lo": -1.9229962301314922,
    "treat_ci_hi": -1.4453600079413433,
    "treat_x_github": 3.2637418294438123,
    "treat_x_github_p": 5.484083624745314e-277,
    "r2": 0.9445812884946486,
    "r2_adj": 0.9418298322555868,
    "n": 2390,
    "t_global": 0.11732481759087544,
    "t_global_p": 1.2762464958299614e-138
  },
  "m5_so_only": {
    "treat": -0.7954708477780303,
    "treat_p": 1.456339135376984e-19,
    "treat_x_github": NaN,
    "treat_x_github_p": NaN,
    "r2": 0.9679571662141595,
    "r2_adj": 0.9645024986744398,
    "n": 1121
  },
  "m6_gh_only": {
    "treat": 0.6543246025119887,
    "treat_p": 2.5501256565784207e-17,
    "treat_x_github": NaN,
    "treat_x_github_p": NaN,
    "r2": 0.9617304496920317,
    "r2_adj": 0.9580951728924838,
    "n": 1269
  },
  "m3c_gh_pretend": {
    "treat": -2.2583641511095482,
    "treat_p": 1.10464099519079e-47,
    "treat_x_github": 2.191126983741105,
    "treat_x_github_p": 2.340033488738299e-36,
    "gh_trend": 0.026465009759258272,
    "gh_trend_p": 1.8503222216178868e-55,
    "r2": 0.8965167413412114,
    "n": 2390
  }
}