{
  "m1_basic": {
    "treat": -4.718433245638702,
    "treat_p": 5.84472155416456e-284,
    "treat_ci_lo": -4.975250016305619,
    "treat_ci_hi": -4.461616474971786,
    "treat_x_github": 7.311239970593809,
    "treat_x_github_p": 0.0,
    "r2": 0.7261700185285687,
    "r2_adj": 0.724555862848316,
    "n": 2390
  },
  "m2_time_fe": {
    "treat": -4.167515384257545,
    "treat_p": 1.4367394140055403e-73,
    "treat_ci_lo": -4.617706008691244,
    "treat_ci_hi": -3.7173247598238452,
    "treat_x_github": 7.312579564465717,
    "treat_x_github_p": 0.0,
    "r2": 0.7369710036922617,
    "r2_adj": 0.7241544020284517,
    "n": 2390
  },
  "m3_full_fe": {
    "treat": -2.2583641511095536,
    "treat_p": 1.1046409951901433e-47,
    "treat_ci_lo": -2.5634937252097183,
    "treat_ci_hi": -1.9532345770093886,
    "treat_x_github": 3.8229931822785783,
    "treat_x_github_p": 2.9289412616984974e-210,
    "r2": 0.887951539296175,
    "r2_adj": 0.8824401525597549,
    "n": 2390
  },
  "m4_ari_het": {
    "treat": -2.3631929008154375,
    "treat_p": 1.382114093739223e-25,
    "treat_ci_lo": -2.806189976244567,
    "treat_ci_hi": -1.920195825386308,
    "treat_x_github": 2.840962986859156,
    "treat_x_github_p": 1.0663496177805623e-57,
    "r2": 0.8905032425351731,
    "r2_adj": 0.8850163720512213,
    "n": 2390,
    "treat:high_ari": -0.18804249875510703,
    "treat:high_ari_p": 0.34657968955010865,
    "treat_x_github:high_ari": 1.2699726564125373,
    "treat_x_github:high_ari_p": 1.4594735844417487e-09
  },
  "m5_so_only": {
    "treat": -0.7954708477780189,
    "treat_p": 1.4563391353796864e-19,
    "treat_x_github": NaN,
    "treat_x_github_p": NaN,
    "r2": 0.9679571662141595,
    "r2_adj": 0.9645024986744398,
    "n": 1121
  },
  "m6_gh_only": {
    "treat": 0.6543246025119962,
    "treat_p": 2.5501256565778503e-17,
    "treat_x_github": NaN,
    "treat_x_github_p": NaN,
    "r2": 0.9617304496920317,
    "r2_adj": 0.9580951728924838,
    "n": 1269
  }
}